{
  "0.5,0.5,0.5,-0.5,0,0": -0.7071067811865475,
  "0.5,-0.5,0.5,0.5,0,0": 0.7071067811865475,
  "0.5,0.5,0.5,0.5,1,1": 1,
  "0.5,0.5,0.5,-0.5,1,0": 0.7071067811865475,
  "0.5,-0.5,0.5,0.5,1,0": 0.7071067811865475,
  "0.5,-0.5,0.5,-0.5,1,-1": 1,

  "1,1,0.5,0.5,1.5,1.5": 1,
  "1,1,0.5,-0.5,1.5,0.5": 0.816496580927726,
  "1,0,0.5,0.5,1.5,0.5": 0.5773502691896257,
  "1,0,0.5,-0.5,1.5,-0.5": 0.5773502691896257,
  "1,-1,0.5,0.5,1.5,-0.5": 0.816496580927726,
  "1,-1,0.5,-0.5,1.5,-1.5": 1,
  "1,1,0.5,-0.5,0.5,0.5": -0.5773502691896257,
  "1,0,0.5,0.5,0.5,0.5": 0.816496580927726,
  "1,0,0.5,-0.5,0.5,-0.5": -0.816496580927726,
  "1,-1,0.5,0.5,0.5,-0.5": 0.5773502691896257,

  "1,1,1,1,2,2": 1,
  "1,1,1,0,2,1": 0.7071067811865475,
  "1,0,1,1,2,1": 0.7071067811865475,
  "1,1,1,-1,2,0": 0.4082482904638631,
  "1,0,1,0,2,0": 0.816496580927726,
  "1,-1,1,1,2,0": 0.4082482904638631,
  "1,0,1,-1,2,-1": 0.7071067811865475,
  "1,-1,1,0,2,-1": 0.7071067811865475,
  "1,-1,1,-1,2,-2": 1,
  "1,1,1,0,1,1": -0.7071067811865475,
  "1,0,1,1,1,1": 0.7071067811865475,
  "1,1,1,-1,1,0": 0.7071067811865475,
  "1,0,1,0,1,0": 0,
  "1,-1,1,1,1,0": -0.7071067811865475,
  "1,0,1,-1,1,-1": 0.7071067811865475,
  "1,-1,1,0,1,-1": -0.7071067811865475,
  "1,1,1,-1,0,0": 0.5773502691896257,
  "1,0,1,0,0,0": -0.5773502691896257,
  "1,-1,1,1,0,0": 0.5773502691896257
}
